时间,场景,书,章节,供应商,模型,提示词版本,入tokens,出tokens,耗时ms,failover,结果
2026-09-26 23:02:00,第二轮修订,,,mock,mock,v1.6,10,10,2,,ok
2026-09-26 23:02:00,第二轮修订,,,mock,mock,v1.6,10,10,1,,ok
2026-09-26 23:02:00,第二轮修订,,,mock,mock,v1.6,10,10,0,,ok
2026-09-26 23:02:00,第二轮修订,,,mock,mock,v1.6,10,10,0,,ok
2026-09-26 23:02:04,第二轮修订,,,mock,mock,v1.6,10,10,2,,ok
2026-09-26 23:02:04,第二轮修订,,,mock,mock,v1.6,10,10,1,,ok
2026-09-26 23:02:04,第二轮修订,,,mock,mock,v1.6,10,10,0,,ok
2026-09-26 23:02:04,第二轮修订,,,mock,mock,v1.6,10,10,0,,ok
2026-09-26 23:03:22,第二轮修订,,,mock,mock,v1.6,10,10,2,,ok
2026-09-26 23:03:22,第二轮修订,,,mock,mock,v1.6,10,10,0,,ok
2026-09-26 23:03:22,第二轮修订,,,mock,mock,v1.6,10,10,0,,ok
2026-09-26 23:03:22,第二轮修订,,,mock,mock,v1.6,10,10,1,,ok
2026-09-26 23:04:26,第二轮修订,,,mock,mock,v1.6,10,10,3,,ok
2026-09-26 23:04:26,第二轮修订,,,mock,mock,v1.6,10,10,1,,ok
2026-09-26 23:04:26,第二轮修订,,,mock,mock,v1.6,10,10,1,,ok
2026-09-26 23:04:26,第二轮修订,,,mock,mock,v1.6,10,10,1,,ok
2026-09-26 23:04:57,第二轮修订,,,mock,mock,v1.6,10,10,3,,ok
2026-09-26 23:04:57,第二轮修订,,,mock,mock,v1.6,10,10,2,,ok
2026-09-26 23:04:57,第二轮修订,,,mock,mock,v1.6,10,10,1,,ok
2026-09-26 23:04:57,第二轮修订,,,mock,mock,v1.6,10,10,1,,ok
